-- MySQL dump 10.16  Distrib 10.1.38-MariaDB, for debian-linux-gnueabihf (armv7l)
--
-- Host: localhost    Database: CST
-- ------------------------------------------------------
-- Server version	10.1.38-MariaDB-0+deb9u1

/*!40101 SET @OLD_CHARACTER_SET_CLIENT=@@CHARACTER_SET_CLIENT */;
/*!40101 SET @OLD_CHARACTER_SET_RESULTS=@@CHARACTER_SET_RESULTS */;
/*!40101 SET @OLD_COLLATION_CONNECTION=@@COLLATION_CONNECTION */;
/*!40101 SET NAMES utf8 */;
/*!40103 SET @OLD_TIME_ZONE=@@TIME_ZONE */;
/*!40103 SET TIME_ZONE='+00:00' */;
/*!40014 SET @OLD_UNIQUE_CHECKS=@@UNIQUE_CHECKS, UNIQUE_CHECKS=0 */;
/*!40014 SET @OLD_FOREIGN_KEY_CHECKS=@@FOREIGN_KEY_CHECKS, FOREIGN_KEY_CHECKS=0 */;
/*!40101 SET @OLD_SQL_MODE=@@SQL_MODE, SQL_MODE='NO_AUTO_VALUE_ON_ZERO' */;
/*!40111 SET @OLD_SQL_NOTES=@@SQL_NOTES, SQL_NOTES=0 */;

--
-- Table structure for table `Horaire`
--

DROP TABLE IF EXISTS `Horaire`;
/*!40101 SET @saved_cs_client     = @@character_set_client */;
/*!40101 SET character_set_client = utf8 */;
CREATE TABLE `Horaire` (
  `idHoraire` bigint(20) NOT NULL AUTO_INCREMENT,
  `dateHoraire` date NOT NULL,
  `timeHoraire` time NOT NULL,
  `comHoraire` text,
  `idLieuInter` bigint(20) NOT NULL,
  `idTypeInter` bigint(20) NOT NULL,
  `idPersonne` bigint(20) NOT NULL,
  `declaHoraire` date NOT NULL,
  PRIMARY KEY (`idHoraire`),
  KEY `fk_horaire_personne` (`idPersonne`),
  KEY `fk_horaire_typeinter` (`idTypeInter`),
  KEY `fk_horaire_lieuinter` (`idLieuInter`),
  CONSTRAINT `fk_horaire_lieuinter` FOREIGN KEY (`idLieuInter`) REFERENCES `LieuInter` (`idLieuInter`) ON DELETE CASCADE,
  CONSTRAINT `fk_horaire_personne` FOREIGN KEY (`idPersonne`) REFERENCES `Personne` (`idPersonne`) ON DELETE CASCADE,
  CONSTRAINT `fk_horaire_typeinter` FOREIGN KEY (`idTypeInter`) REFERENCES `TypeInter` (`idTypeInter`) ON DELETE CASCADE
) ENGINE=InnoDB AUTO_INCREMENT=518 DEFAULT CHARSET=utf8;
/*!40101 SET character_set_client = @saved_cs_client */;

--
-- Dumping data for table `Horaire`
--

LOCK TABLES `Horaire` WRITE;
/*!40000 ALTER TABLE `Horaire` DISABLE KEYS */;
INSERT INTO `Horaire` VALUES (27,'2019-07-30','10:00:00','Application \"CST Tools\"',5,23,1,'2019-07-30'),(28,'2019-07-30','10:00:00','Application \"CST Tools\"',5,23,1,'2019-07-30'),(29,'2019-07-30','10:00:00','Application \"CST Tools\"',5,23,1,'2019-07-30'),(37,'2019-08-01','04:00:00','Application \"CST Tools\"',5,23,1,'2019-08-01'),(38,'2019-08-02','02:00:00','Application \"CST Tools\"',5,23,1,'2019-08-02'),(39,'2019-08-12','02:00:00','Mis en place plannings de formations',5,24,1,'2019-08-12'),(40,'2019-08-12','02:00:00','Application \"CST Tools\"',5,23,1,'2019-08-12'),(41,'2019-08-15','04:00:00','Mis en place formations Drive',5,24,1,'2019-08-15'),(42,'2019-08-16','04:00:00','Mis en place des formations sur le site internet',5,24,1,'2019-08-16'),(43,'2019-08-18','04:00:00','Application \"CST Tools\"',5,23,1,'2019-08-18'),(44,'2019-08-19','04:00:00','Application \"CST Tools\"',5,23,1,'2019-08-19'),(49,'2019-08-23','04:00:00','Application \"CST Tools\"',5,23,1,'2019-08-23'),(50,'2019-08-24','04:00:00','Application \"CST Tools\"',5,23,1,'2019-08-26'),(51,'2019-08-27','02:00:00','Application \"CST Tools\"',5,23,1,'2019-08-27'),(52,'2019-08-28','02:00:00','Application \"CST Tools\"',5,23,1,'2019-08-28'),(53,'2019-09-05','02:00:00','Application \"CST Tools\"',5,23,1,'2019-09-05'),(54,'2019-09-08','02:00:00','Application \"CST Tools\"',5,23,1,'2019-09-08'),(55,'2019-09-18','02:00:00','Application \"CST Tools\"',5,23,1,'2019-09-18'),(56,'2019-09-24','02:00:00','Application \"CST Tools\"',5,23,1,'2019-09-24'),(57,'2019-09-16','03:00:00','Plus réunion',1,1,11,'2019-09-24'),(58,'2019-09-17','02:00:00','',1,1,11,'2019-09-24'),(59,'2019-09-18','01:00:00','',3,1,11,'2019-09-24'),(60,'2019-09-18','02:00:00','',1,1,11,'2019-09-24'),(61,'2019-09-21','02:30:00','',1,1,11,'2019-09-24'),(62,'2019-09-23','02:00:00','',1,1,11,'2019-09-24'),(63,'2019-09-08','09:00:00','VItal Sport Escalquens',5,20,8,'2019-09-25'),(65,'2019-09-24','02:00:00','',1,1,11,'2019-09-25'),(68,'2019-09-25','03:00:00','',4,17,11,'2019-09-25'),(69,'2019-09-25','02:00:00','',1,1,11,'2019-09-25'),(70,'2019-09-25','02:00:00','',1,4,15,'2019-09-25'),(71,'2019-09-17','02:00:00','',1,4,15,'2019-09-25'),(72,'2019-09-17','02:00:00','',1,1,12,'2019-09-27'),(73,'2019-09-18','02:00:00','',1,1,12,'2019-09-27'),(76,'2019-09-21','02:30:00','',1,1,12,'2019-09-27'),(79,'2019-09-24','02:00:00','',1,1,12,'2019-09-27'),(80,'2019-09-25','02:00:00','',1,1,12,'2019-09-27'),(81,'2019-09-25','01:00:00','Côtier ',3,1,12,'2019-09-27'),(82,'2019-09-28','04:00:00','Réunion comité régional',5,26,11,'2019-09-28'),(83,'2019-09-28','03:00:00','',1,1,11,'2019-09-30'),(84,'2019-09-30','02:00:00','',1,1,11,'2019-09-30'),(85,'2019-09-28','07:00:00','Public: Bébés Nageurs Tlse',4,9,7,'2019-09-30'),(88,'2019-09-28','02:30:00','',1,1,12,'2019-09-30'),(89,'2019-09-29','03:00:00','Ouverture et cadrage FC PSE Secouristes/FO CST',4,17,7,'2019-09-30'),(91,'2019-09-30','02:00:00','',1,4,15,'2019-09-30'),(92,'2019-09-18','03:00:00','',3,1,13,'2019-10-01'),(93,'2019-09-23','02:00:00','',1,1,13,'2019-10-01'),(94,'2019-09-25','03:00:00','',3,1,13,'2019-10-01'),(95,'2019-09-14','06:00:00','Salut MC. Je compte un jour en tant que coach des France à Royan. ',5,1,13,'2019-10-01'),(96,'2019-09-25','03:00:00','',4,22,11,'2019-10-02'),(97,'2019-10-01','02:00:00','',1,1,11,'2019-10-03'),(98,'2019-10-02','02:00:00','',1,1,11,'2019-10-03'),(99,'2019-10-03','02:00:00','',4,22,11,'2019-10-04'),(102,'2019-10-07','02:00:00','',1,4,15,'2019-10-07'),(103,'2019-10-01','02:00:00','',1,1,12,'2019-10-08'),(104,'2019-10-02','02:00:00','',1,1,12,'2019-10-08'),(105,'2019-10-07','02:00:00','',1,1,11,'2019-10-08'),(106,'2019-10-08','02:00:00','',1,1,11,'2019-10-08'),(108,'2019-10-09','01:00:00','Préparation compétitions toulousain tour',5,26,11,'2019-10-09'),(110,'2019-10-10','01:00:00','Trévis sport',5,19,11,'2019-10-11'),(111,'2019-10-11','04:00:00','Application \"CST Tools\"',5,23,1,'2019-10-11'),(112,'2019-10-09','02:00:00','',1,1,11,'2019-10-11'),(113,'2019-10-05','03:00:00','',1,1,12,'2019-10-12'),(114,'2019-10-08','02:00:00','',1,1,12,'2019-10-12'),(115,'2019-10-09','02:00:00','',1,1,12,'2019-10-12'),(116,'2019-10-12','03:00:00','',1,1,12,'2019-10-12'),(117,'2019-09-17','01:00:00','',1,4,16,'2019-10-14'),(118,'2019-09-24','02:15:00','',1,4,16,'2019-10-14'),(119,'2019-10-01','02:15:00','',1,4,16,'2019-10-14'),(120,'2019-10-08','02:15:00','',1,4,16,'2019-10-14'),(123,'2019-09-30','02:00:00','',1,1,17,'2019-10-15'),(124,'2019-09-16','02:00:00','',1,1,17,'2019-10-15'),(125,'2019-10-14','02:00:00','',1,1,17,'2019-10-15'),(126,'2019-10-12','03:00:00','',1,1,11,'2019-10-15'),(127,'2019-10-14','02:00:00','',1,1,11,'2019-10-15'),(131,'2019-10-15','02:00:00','',1,1,12,'2019-10-18'),(132,'2019-10-16','02:00:00','',1,1,12,'2019-10-18'),(133,'2019-10-19','03:00:00','',1,1,12,'2019-10-18'),(134,'2019-10-14','02:00:00','',1,4,15,'2019-10-19'),(138,'2019-10-21','02:00:00','',1,4,19,'2019-10-22'),(139,'2019-10-19','02:00:00','',2,1,19,'2019-10-22'),(141,'2019-10-22','02:00:00','',1,1,12,'2019-10-23'),(142,'2019-10-15','02:00:00','',1,1,11,'2019-10-23'),(143,'2019-10-22','02:00:00','',1,1,11,'2019-10-23'),(147,'2019-10-23','02:00:00','',1,1,11,'2019-10-23'),(148,'2019-10-23','09:30:00','',5,7,11,'2019-10-23'),(149,'2019-10-15','02:15:00','',1,4,16,'2019-10-24'),(150,'2019-10-22','09:00:00','',4,8,20,'2019-10-25'),(151,'2019-10-23','09:00:00','',4,8,20,'2019-10-25'),(152,'2019-10-24','09:00:00','',4,8,20,'2019-10-25'),(153,'2019-10-25','09:00:00','',4,8,20,'2019-10-25'),(154,'2019-10-22','08:00:00','',4,8,21,'2019-10-26'),(155,'2019-10-23','08:00:00','',4,8,21,'2019-10-26'),(156,'2019-10-24','08:00:00','',4,8,21,'2019-10-26'),(157,'2019-10-25','08:00:00','',4,8,21,'2019-10-26'),(158,'2019-10-24','02:00:00','',1,1,11,'2019-10-26'),(159,'2019-10-25','02:00:00','',1,1,11,'2019-10-26'),(160,'2019-10-12','07:00:00','',4,9,22,'2019-10-26'),(161,'2019-10-12','08:00:00','',4,9,23,'2019-10-27'),(162,'2019-10-21','08:00:00','',4,8,24,'2019-10-29'),(163,'2019-10-22','08:00:00','',4,8,24,'2019-10-29'),(164,'2019-10-23','08:00:00','',4,8,24,'2019-10-29'),(165,'2019-10-29','02:00:00','',1,1,11,'2019-10-30'),(166,'2019-11-01','08:00:00','Refonte dossier inscription',5,22,1,'2019-11-01'),(167,'2019-11-01','04:00:00','Correction problème CST Tools',5,23,1,'2019-11-01'),(170,'2019-10-02','03:00:00','',3,1,13,'2019-11-03'),(171,'2019-10-05','03:00:00','',3,1,13,'2019-11-03'),(172,'2019-10-05','03:00:00','',1,1,13,'2019-11-03'),(173,'2019-10-07','02:00:00','',1,1,13,'2019-11-03'),(175,'2019-10-09','03:00:00','',3,1,13,'2019-11-03'),(176,'2019-10-16','03:00:00','',3,1,13,'2019-11-03'),(177,'2019-10-19','03:00:00','',3,1,13,'2019-11-03'),(179,'2019-10-22','06:00:00','Piscine de Portet',5,11,13,'2019-11-03'),(180,'2019-10-21','06:00:00','Piscine de Portet',5,11,13,'2019-11-03'),(184,'2019-10-30','02:00:00','',1,1,13,'2019-11-03'),(185,'2019-10-30','03:00:00','',3,1,13,'2019-11-03'),(186,'2019-10-30','02:00:00','',1,1,13,'2019-11-03'),(187,'2019-10-31','02:00:00','',1,1,13,'2019-11-03'),(188,'2019-10-19','03:00:00','',1,1,13,'2019-11-03'),(189,'2019-10-23','03:00:00','',3,1,13,'2019-11-03'),(190,'2019-10-26','03:00:00','',3,1,13,'2019-11-03'),(191,'2019-10-29','02:00:00','',1,1,13,'2019-11-03'),(194,'2019-10-31','02:00:00','',1,1,11,'2019-11-04'),(195,'2019-10-30','02:00:00','',1,1,11,'2019-11-04'),(196,'2019-11-04','02:00:00','',1,1,17,'2019-11-05'),(197,'2019-11-06','08:00:00','Dossier inscription & Partenariat',5,22,1,'2019-11-06'),(198,'2019-10-23','02:00:00','',1,1,12,'2019-11-09'),(200,'2019-10-24','02:00:00','',1,1,12,'2019-11-09'),(201,'2019-10-25','02:00:00','',1,1,12,'2019-11-09'),(202,'2019-11-05','02:00:00','',1,1,12,'2019-11-09'),(203,'2019-11-06','02:00:00','',1,1,12,'2019-11-09'),(204,'2019-11-09','03:00:00','',1,1,12,'2019-11-09'),(206,'2019-11-10','01:00:00','engagements',5,26,11,'2019-11-10'),(210,'2019-10-24','08:00:00','',4,8,27,'2019-11-13'),(211,'2019-10-25','08:00:00','',4,8,27,'2019-11-13'),(212,'2019-11-12','02:00:00','',1,1,12,'2019-11-14'),(213,'2019-11-13','02:00:00','',1,1,12,'2019-11-14'),(214,'2019-11-04','02:00:00','',1,1,11,'2019-11-16'),(215,'2019-11-05','02:00:00','',1,1,11,'2019-11-16'),(216,'2019-11-06','02:00:00','',1,1,11,'2019-11-16'),(218,'2019-11-09','03:00:00','',1,1,11,'2019-11-16'),(220,'2019-11-12','02:00:00','',1,1,11,'2019-11-16'),(221,'2019-11-13','02:00:00','',1,1,11,'2019-11-16'),(222,'2019-11-11','02:00:00','',1,1,11,'2019-11-16'),(223,'2019-11-17','11:00:00','',5,2,11,'2019-11-16'),(224,'2019-11-19','01:00:00','engagement',5,2,11,'2019-11-19'),(225,'2019-11-18','03:00:00','réunion cd',5,22,11,'2019-11-19'),(227,'2019-11-19','02:00:00','',1,1,11,'2019-11-19'),(228,'2019-11-04','02:00:00','',1,4,15,'2019-11-24'),(229,'2019-11-18','02:00:00','',1,4,15,'2019-11-24'),(230,'2019-11-25','02:00:00','',1,4,15,'2019-11-24'),(231,'2019-11-20','02:00:00','',1,1,11,'2019-11-30'),(232,'2019-11-23','09:00:00','',5,2,11,'2019-11-30'),(233,'2019-11-25','02:00:00','',1,1,11,'2019-11-30'),(234,'2019-11-26','02:00:00','',1,1,11,'2019-11-30'),(235,'2019-11-27','02:00:00','',1,1,11,'2019-11-30'),(237,'2019-11-30','07:00:00','',4,9,23,'2019-12-01'),(238,'2019-11-02','03:00:00','',3,1,13,'2019-12-03'),(239,'2019-11-06','03:00:00','',3,1,13,'2019-12-03'),(240,'2019-11-09','03:00:00','',3,1,13,'2019-12-03'),(241,'2019-11-13','03:00:00','',3,1,13,'2019-12-03'),(242,'2019-11-16','03:00:00','',3,1,13,'2019-12-03'),(243,'2019-11-20','03:00:00','',3,1,13,'2019-12-03'),(245,'2019-11-23','03:00:00','Alex JANY compétiton ',5,2,13,'2019-12-03'),(246,'2019-11-22','04:00:00','Box FFSS ( sur deux déplacements le vendredi 22 et le lundi 25 récup et retour matos pour la compétition. Ainsi que mise au sec du matos côtier CST. ',5,26,13,'2019-12-03'),(247,'2019-11-25','02:00:00',' ',5,1,13,'2019-12-03'),(254,'2019-11-16','03:00:00','',1,1,12,'2019-12-04'),(255,'2019-11-19','02:00:00','',1,1,12,'2019-12-04'),(256,'2019-11-20','02:00:00','',1,1,12,'2019-12-04'),(258,'2019-11-26','02:00:00','',1,1,12,'2019-12-04'),(259,'2019-11-27','02:00:00','',1,1,12,'2019-12-04'),(261,'2019-12-03','02:00:00','',1,1,12,'2019-12-04'),(262,'2019-11-16','03:00:00','',1,1,12,'2019-12-04'),(263,'2019-11-30','02:00:00','',1,1,12,'2019-12-04'),(264,'2019-11-23','03:00:00','',1,1,12,'2019-12-04'),(265,'2019-11-18','02:00:00','',1,1,17,'2019-12-05'),(267,'2019-12-02','02:00:00','',1,1,17,'2019-12-05'),(268,'2019-12-06','01:30:00','',2,1,17,'2019-12-05'),(269,'2019-10-09','06:00:00','DPS FENIX HAND',5,20,8,'2019-12-06'),(270,'0000-00-00','00:00:09','DPS VITAL SPORT',5,20,8,'2019-12-06'),(271,'2019-11-20','06:00:00','DPS FENIX HAND',5,20,8,'2019-12-06'),(272,'2019-12-02','02:00:00','',1,4,15,'2019-12-06'),(273,'2019-09-07','12:00:00','DPS PE Vital sport',5,20,28,'2019-12-11'),(274,'2019-09-28','09:00:00','Récupération dons entreprise, pour tous les pôles',5,21,28,'2019-12-11'),(275,'2019-11-23','11:00:00','DPS PE Toulousaine Tour',5,20,28,'2019-12-11'),(276,'2019-12-11','01:30:00','',2,1,17,'2019-12-13'),(277,'2019-11-27','01:45:00','',2,1,11,'2019-12-14'),(278,'2019-11-30','03:00:00','',1,1,11,'2019-12-14'),(279,'2019-12-02','02:00:00','',1,1,11,'2019-12-14'),(280,'2019-12-03','02:00:00','',1,1,11,'2019-12-14'),(281,'2019-12-04','02:00:00','',1,1,11,'2019-12-14'),(282,'2019-12-04','01:45:00','',2,1,11,'2019-12-14'),(283,'2019-12-09','02:00:00','',2,1,11,'2019-12-14'),(284,'2019-12-10','02:00:00','',1,1,11,'2019-12-14'),(285,'2019-12-11','02:00:00','',1,1,11,'2019-12-14'),(286,'2019-12-11','01:45:00','',2,1,11,'2019-12-14'),(287,'2019-12-14','03:00:00','',1,1,11,'2019-12-14'),(289,'2019-11-12','02:15:00','',1,4,16,'2019-12-18'),(290,'2019-11-05','02:15:00','',1,4,16,'2019-12-18'),(291,'2019-11-19','02:15:00','',1,4,16,'2019-12-18'),(292,'2019-11-26','02:15:00','',1,4,16,'2019-12-18'),(293,'2019-12-03','02:15:00','',1,4,16,'2019-12-18'),(294,'2019-12-10','02:15:00','',1,4,16,'2019-12-18'),(295,'2019-12-17','02:15:00','',1,4,16,'2019-12-18'),(296,'2019-12-15','07:00:00','',4,9,22,'2019-12-20'),(297,'0000-00-00','07:00:00','',4,9,23,'2019-12-21'),(298,'0000-00-00','07:00:00','',4,9,23,'2019-12-21'),(299,'0000-00-00','07:00:00','',4,9,23,'2019-12-21'),(300,'2019-12-15','07:00:00','',4,9,23,'2019-12-21'),(301,'2019-12-16','02:00:00','',1,1,11,'2019-12-30'),(302,'2019-12-17','02:00:00','',1,1,11,'2019-12-30'),(303,'2019-12-18','01:30:00','',2,1,11,'2019-12-30'),(304,'2019-12-23','02:00:00','',1,1,11,'2019-12-30'),(305,'2019-12-26','02:00:00','',1,1,11,'2019-12-30'),(306,'2019-12-27','02:00:00','',1,1,11,'2019-12-30'),(307,'2019-12-20','01:30:00','',2,1,17,'2020-01-03'),(309,'2020-01-02','07:00:00','',4,10,17,'2020-01-03'),(310,'2020-01-03','07:00:00','',4,10,17,'2020-01-03'),(311,'2020-01-02','02:00:00','Stage vacances Noël ',1,4,15,'2020-01-03'),(312,'2019-12-15','09:00:00','Short Course Tournefeuille',5,2,17,'2020-01-03'),(313,'2019-12-01','07:00:00','',4,11,13,'2020-01-04'),(314,'2019-12-07','03:00:00','',1,1,13,'2020-01-04'),(315,'2019-12-15','03:00:00','Compétition TSN',5,2,13,'2020-01-04'),(316,'2019-12-18','02:00:00','',1,1,13,'2020-01-04'),(317,'2019-12-23','02:00:00','',1,1,13,'2020-01-04'),(318,'2019-12-26','02:00:00','',1,1,13,'2020-01-04'),(319,'2019-12-27','02:00:00','',1,1,13,'2020-01-04'),(320,'2019-12-26','08:00:00','Salle bellevue',5,8,13,'2020-01-04'),(321,'2019-12-28','07:00:00','Salle bellevue',5,8,13,'2020-01-04'),(323,'2019-12-27','07:00:00','',4,8,21,'2020-01-06'),(324,'2020-01-02','07:00:00','',4,8,21,'2020-01-06'),(326,'2020-01-05','07:00:00','',4,8,21,'2020-01-06'),(327,'2020-01-04','07:00:00','',4,8,21,'2020-01-06'),(328,'2020-01-04','08:00:00','Refonte du site',5,23,1,'2020-01-06'),(329,'2020-01-03','07:00:00','',5,10,27,'2020-01-06'),(330,'2020-01-04','07:00:00','',5,10,27,'2020-01-06'),(332,'2020-01-03','02:00:00','Stage vacances Noël',1,4,15,'2020-01-06'),(333,'2020-01-06','02:00:00','',1,4,15,'2020-01-06'),(334,'2019-12-21','07:00:00','',4,11,21,'2020-01-06'),(337,'2019-12-04','02:00:00','',1,1,12,'2020-01-08'),(338,'2019-12-07','03:00:00','',1,1,12,'2020-01-08'),(339,'2019-12-10','02:00:00','',1,1,12,'2020-01-08'),(340,'2019-12-11','02:00:00','',1,1,12,'2020-01-08'),(341,'2019-12-14','03:00:00','',1,1,12,'2020-01-08'),(342,'2019-12-17','02:00:00','',1,1,12,'2020-01-08'),(343,'2019-12-23','09:00:00','formation pse1 bellevue',5,8,22,'2020-01-13'),(344,'2020-01-25','06:00:00','',4,9,23,'2020-01-26'),(345,'2020-01-26','06:00:00','',4,11,23,'2020-01-26'),(346,'2020-01-07','02:15:00','',1,4,16,'2020-01-28'),(347,'2020-01-14','02:15:00','',1,4,16,'2020-01-28'),(348,'2020-01-21','02:15:00','',1,4,16,'2020-01-28'),(349,'2020-01-28','02:15:00','',1,4,16,'2020-01-28'),(351,'2020-01-13','02:00:00','',1,4,15,'2020-01-29'),(352,'2020-01-20','02:00:00','',1,4,15,'2020-01-29'),(353,'2020-01-27','02:00:00','',1,4,15,'2020-01-29'),(354,'2020-01-06','02:00:00','',1,1,11,'2020-01-31'),(355,'2020-01-07','02:00:00','',1,1,11,'2020-01-31'),(356,'2020-01-08','02:00:00','',1,1,11,'2020-01-31'),(357,'2020-01-08','01:30:00','',2,1,11,'2020-01-31'),(358,'2020-01-10','01:30:00','',2,1,11,'2020-01-31'),(359,'2020-01-11','03:00:00','',1,1,11,'2020-01-31'),(360,'2020-01-13','02:00:00','',1,1,11,'2020-01-31'),(361,'2020-01-14','02:00:00','',1,1,11,'2020-01-31'),(362,'2020-01-15','02:00:00','',1,1,11,'2020-01-31'),(363,'2020-01-15','01:30:00','',2,1,11,'2020-01-31'),(364,'2020-01-17','01:30:00','',2,1,11,'2020-01-31'),(365,'2020-01-20','02:00:00','',1,1,11,'2020-01-31'),(366,'2020-01-21','02:00:00','',1,1,11,'2020-01-31'),(367,'2020-01-22','01:30:00','',2,1,11,'2020-01-31'),(368,'2020-01-24','01:30:00','',2,1,11,'2020-01-31'),(369,'2020-01-27','02:00:00','',1,1,11,'2020-01-31'),(370,'2020-01-28','02:00:00','',1,1,11,'2020-01-31'),(371,'2020-01-29','02:00:00','',1,1,11,'2020-01-31'),(372,'2020-01-29','01:30:00','',2,1,11,'2020-01-31'),(373,'2020-01-31','01:30:00','',2,1,11,'2020-01-31'),(374,'2020-01-02','01:30:00','',1,1,11,'2020-01-31'),(375,'2020-01-03','01:30:00','',1,1,11,'2020-01-31'),(376,'2020-01-25','05:00:00','',5,20,28,'2020-02-01'),(377,'2018-12-09','02:30:00','Ronde de Ramonville',5,20,9,'2020-02-04'),(378,'2019-04-18','07:00:00','Compétition athlétisme',5,20,9,'2020-02-04'),(379,'2019-04-20','04:00:00','Fénix vs Nantes PE',5,20,9,'2020-02-04'),(380,'2019-02-16','09:30:00','La Toulousaint Tour PAPS',5,20,9,'2020-02-04'),(381,'2019-05-12','11:30:00','11e édition du Petit Tou - PE',5,20,9,'2020-02-04'),(382,'2019-05-17','09:00:00','Fête locale Labège - PE',5,20,9,'2020-02-04'),(383,'2019-06-20','18:00:00','Cadre Opérationnel GP de France F1',5,20,9,'2020-02-04'),(384,'2019-06-21','18:00:00','Cadre Opérationnel GP de France F1',5,20,9,'2020-02-04'),(385,'2019-06-22','18:00:00','Cadre Opérationnel GP de France F1',5,20,9,'2020-02-04'),(386,'2019-06-23','18:00:00','Cadre Opérationnel GP de France F1',5,20,9,'2020-02-04'),(387,'2019-06-30','05:00:00','EDF Aquachallenge',5,20,9,'2020-02-04'),(388,'2019-07-14','14:00:00','14 Juillet',5,20,9,'2020-02-04'),(389,'2019-10-20','05:30:00','Bouge ton campus',5,20,9,'2020-02-04'),(390,'2020-01-06','02:00:00','',1,1,17,'2020-02-04'),(391,'2020-01-08','01:30:00','',2,1,17,'2020-02-04'),(392,'2020-01-27','02:00:00','',1,1,17,'2020-02-04'),(393,'2020-01-31','01:30:00','',2,1,17,'2020-02-04'),(394,'2020-01-05','06:00:00','',6,10,13,'2020-02-04'),(395,'2020-01-08','02:00:00','',1,1,13,'2020-02-04'),(396,'2020-01-11','03:00:00','',1,1,13,'2020-02-04'),(397,'2020-01-13','02:00:00','',1,1,13,'2020-02-04'),(398,'2020-01-14','02:00:00','',1,1,13,'2020-02-04'),(399,'2020-01-15','01:00:00','',1,1,13,'2020-02-04'),(400,'2020-01-16','01:00:00','Réunion Revel côtier StFerréol',5,26,13,'2020-02-04'),(401,'2020-01-18','06:00:00','Championnat Vichy',5,2,13,'2020-02-04'),(402,'2020-01-19','06:00:00','Championnat Vichy',5,2,13,'2020-02-04'),(403,'2020-01-20','02:00:00','',1,1,13,'2020-02-04'),(404,'2020-01-21','01:30:00','',1,1,13,'2020-02-04'),(406,'2020-02-05','05:00:00','Inventaire + Etablissement de devis',5,21,28,'2020-02-12'),(407,'2020-02-05','04:00:00','Formation Ecole Ayguevives',5,7,28,'2020-02-12'),(411,'2019-09-23','02:00:00','20h45 à 22h45',1,4,29,'2020-02-12'),(412,'2019-10-02','02:00:00','20h45 à 22h45',1,4,29,'2020-02-12'),(413,'2019-10-09','02:00:00','20h45 à 22h45',1,4,29,'2020-02-12'),(414,'2019-10-16','02:00:00','20h45 à 22h45',1,4,29,'2020-02-12'),(415,'2019-11-06','02:00:00','20h45 à 22h45',1,4,29,'2020-02-12'),(416,'2019-11-13','02:00:00','20h45 à 22h45',1,4,29,'2020-02-12'),(417,'2019-11-20','02:00:00','20h45 à 22h45',1,4,29,'2020-02-12'),(418,'2019-11-27','02:00:00','20h45 à 22h45',1,4,29,'2020-02-12'),(419,'2019-12-04','02:00:00','20h45 à 22h45',1,4,29,'2020-02-12'),(420,'2019-12-11','02:00:00','20h45 à 22h45',1,4,29,'2020-02-12'),(421,'2019-12-18','02:00:00','20h45 à 22h45',1,4,29,'2020-02-12'),(422,'2020-01-08','02:00:00','20h45 à 22h45',1,4,29,'2020-02-12'),(423,'2020-01-15','02:00:00','20h45 à 22h45',1,4,29,'2020-02-12'),(425,'2020-01-29','02:00:00','20h45 à 22h45',1,4,29,'2020-02-12'),(428,'2020-01-22','02:00:00','20h45 à 22h45 piscine fermee',1,4,29,'2020-02-12'),(429,'2020-02-05','02:00:00','20h45 à 22h45 total des heures 14 seances à2h donc 28heures effectuees',1,4,29,'2020-02-12'),(430,'2020-02-10','07:00:00','',6,8,21,'2020-02-17'),(431,'2020-02-11','07:00:00','',6,8,21,'2020-02-17'),(432,'2020-02-12','07:00:00','',6,8,21,'2020-02-17'),(433,'2020-02-13','07:00:00','',6,8,21,'2020-02-17'),(434,'2020-02-14','07:00:00','',6,8,21,'2020-02-17'),(435,'2020-02-10','07:00:00','',6,8,27,'2020-02-18'),(436,'2020-02-14','07:00:00','',6,8,27,'2020-02-18'),(437,'2020-02-17','07:00:00','',4,10,27,'2020-02-18'),(439,'2019-06-02','07:00:00','Manoeuvre',4,7,28,'2020-02-20'),(440,'2020-02-17','08:00:00','',4,15,23,'2020-02-20'),(441,'2020-02-18','08:00:00','',4,15,23,'2020-02-20'),(442,'2020-02-19','08:00:00','',4,15,23,'2020-02-20'),(443,'2020-02-20','08:00:00','',4,15,23,'2020-02-20'),(444,'2020-02-19','08:00:00','1 jour',4,10,30,'2020-02-20'),(447,'2020-02-12','07:00:00','',6,8,20,'2020-02-21'),(448,'2020-02-13','07:00:00','',6,8,20,'2020-02-21'),(449,'2020-02-04','02:15:00','',1,4,16,'2020-02-26'),(450,'2020-02-25','02:15:00','',1,4,16,'2020-02-26'),(451,'2020-01-28','09:00:00','Balma Judo',5,20,8,'2020-02-28'),(452,'2020-02-01','03:00:00','',1,1,11,'2020-03-01'),(453,'2020-02-03','02:00:00','',1,1,11,'2020-03-01'),(454,'2020-02-04','02:00:00','',1,1,11,'2020-03-01'),(455,'2020-02-05','01:30:00','',2,1,11,'2020-03-01'),(456,'2020-02-05','02:00:00','',1,1,11,'2020-03-01'),(457,'2020-02-10','02:00:00','',1,1,11,'2020-03-01'),(458,'2020-02-11','02:00:00','',1,1,11,'2020-03-01'),(459,'2020-02-12','02:00:00','',1,1,11,'2020-03-01'),(460,'2020-02-13','02:00:00','',1,1,11,'2020-03-01'),(461,'2020-02-14','02:00:00','',1,1,11,'2020-03-01'),(462,'2020-02-17','01:30:00','',1,1,11,'2020-03-01'),(463,'2020-02-20','01:30:00','',1,1,11,'2020-03-01'),(464,'2020-02-21','01:30:00','',1,1,11,'2020-03-01'),(466,'2020-02-24','02:00:00','',1,1,11,'2020-03-01'),(467,'2020-02-25','02:00:00','',1,1,11,'2020-03-01'),(468,'2020-02-26','01:30:00','',2,1,11,'2020-03-01'),(469,'2020-02-07','01:30:00','',2,1,11,'2020-03-01'),(470,'2020-02-07','01:30:00','',2,1,17,'2020-03-02'),(471,'2020-02-10','07:00:00','',6,8,17,'2020-03-02'),(473,'2020-02-10','02:00:00','',1,1,17,'2020-03-02'),(474,'2020-02-17','02:00:00','',1,1,17,'2020-03-02'),(475,'2020-02-18','07:00:00','',4,10,17,'2020-03-02'),(476,'2020-02-24','02:00:00','',1,1,17,'2020-03-02'),(477,'2020-02-28','01:30:00','',2,1,17,'2020-03-02'),(478,'2020-02-01','02:00:00','',1,1,13,'2020-03-02'),(479,'2020-02-03','02:00:00','',1,1,13,'2020-03-02'),(483,'2020-02-12','06:00:00','',6,8,13,'2020-03-02'),(484,'2020-02-29','03:00:00','BNSSA évaluation',1,4,13,'2020-03-02'),(486,'2020-02-29','03:00:00','Examen BNSSA',1,4,15,'2020-03-03'),(487,'2020-02-03','02:00:00','',1,4,15,'2020-03-03'),(488,'2019-12-18','02:00:00','',1,1,12,'2020-03-04'),(489,'2019-12-30','02:00:00','',1,1,12,'2020-03-04'),(490,'2019-12-31','02:00:00','',1,1,12,'2020-03-04'),(491,'2020-01-01','02:00:00','',1,1,12,'2020-03-04'),(492,'2020-01-02','02:00:00','',1,1,12,'2020-03-04'),(493,'2020-01-03','02:00:00','',1,1,12,'2020-03-04'),(494,'2020-01-07','02:00:00','',1,1,12,'2020-03-04'),(495,'2020-01-08','02:00:00','',1,1,12,'2020-03-04'),(496,'2020-01-14','02:00:00','',1,1,12,'2020-03-04'),(497,'2020-01-15','02:00:00','',1,1,12,'2020-03-04'),(498,'2020-01-18','03:00:00','',1,1,12,'2020-03-04'),(499,'2020-01-21','02:00:00','',1,1,12,'2020-03-04'),(500,'2020-01-22','02:00:00','',1,1,12,'2020-03-04'),(501,'2020-01-25','03:00:00','',1,1,12,'2020-03-04'),(502,'2020-01-28','02:00:00','',1,1,12,'2020-03-04'),(503,'2020-01-29','02:00:00','',1,1,12,'2020-03-04'),(504,'2020-02-01','03:00:00','',1,1,12,'2020-03-04'),(505,'2020-02-04','02:00:00','',1,1,12,'2020-03-04'),(506,'2020-02-05','02:00:00','',1,1,12,'2020-03-04'),(507,'2020-02-08','03:00:00','',1,1,12,'2020-03-04'),(508,'2020-02-17','02:00:00','',1,1,12,'2020-03-04'),(509,'2020-02-18','02:00:00','',1,1,12,'2020-03-04'),(510,'2020-02-19','02:00:00','',1,1,12,'2020-03-04'),(511,'2020-02-20','02:00:00','',1,1,12,'2020-03-04'),(512,'2020-02-21','02:00:00','',1,1,12,'2020-03-04'),(513,'2020-02-25','02:00:00','',1,1,12,'2020-03-04'),(514,'2020-02-26','02:00:00','',1,1,12,'2020-03-04'),(515,'2020-02-29','03:00:00','',1,1,12,'2020-03-04'),(516,'2020-02-20','07:00:00','',4,10,22,'2020-03-04'),(517,'2020-03-09','02:00:00','',1,4,15,'2020-03-12');
/*!40000 ALTER TABLE `Horaire` ENABLE KEYS */;
UNLOCK TABLES;

--
-- Table structure for table `LieuInter`
--

DROP TABLE IF EXISTS `LieuInter`;
/*!40101 SET @saved_cs_client     = @@character_set_client */;
/*!40101 SET character_set_client = utf8 */;
CREATE TABLE `LieuInter` (
  `idLieuInter` bigint(20) NOT NULL AUTO_INCREMENT,
  `nomLieuInter` varchar(255) NOT NULL,
  PRIMARY KEY (`idLieuInter`)
) ENGINE=InnoDB AUTO_INCREMENT=7 DEFAULT CHARSET=utf8;
/*!40101 SET character_set_client = @saved_cs_client */;

--
-- Dumping data for table `LieuInter`
--

LOCK TABLES `LieuInter` WRITE;
/*!40000 ALTER TABLE `LieuInter` DISABLE KEYS */;
INSERT INTO `LieuInter` VALUES (1,'Pech David'),(2,'Léo Lagrange'),(3,'La Ramée'),(4,'Salle de formation - Ramonville'),(5,'Autres'),(6,'Salle de formation - Bellevue');
/*!40000 ALTER TABLE `LieuInter` ENABLE KEYS */;
UNLOCK TABLES;

--
-- Table structure for table `Personne`
--

DROP TABLE IF EXISTS `Personne`;
/*!40101 SET @saved_cs_client     = @@character_set_client */;
/*!40101 SET character_set_client = utf8 */;
CREATE TABLE `Personne` (
  `idPersonne` bigint(20) NOT NULL AUTO_INCREMENT,
  `nomPersonne` varchar(255) NOT NULL,
  `prenomPersonne` varchar(255) NOT NULL,
  `mailPersonne` varchar(255) NOT NULL,
  `mdpPersonne` varchar(255) NOT NULL,
  `idRole` bigint(20) NOT NULL,
  `dateDeclaPersonne` date NOT NULL,
  PRIMARY KEY (`idPersonne`),
  KEY `fk_personne_role` (`idRole`),
  CONSTRAINT `fk_personne_role` FOREIGN KEY (`idRole`) REFERENCES `Role` (`idRole`) ON DELETE CASCADE
) ENGINE=InnoDB AUTO_INCREMENT=31 DEFAULT CHARSET=utf8;
/*!40101 SET character_set_client = @saved_cs_client */;

--
-- Dumping data for table `Personne`
--

LOCK TABLES `Personne` WRITE;
/*!40000 ALTER TABLE `Personne` DISABLE KEYS */;
INSERT INTO `Personne` VALUES (1,'CROZES','Cyril','cyril.crozes@gmail.com','D8467FBE34891AEE837EC982F9D55C09C25E00CD7ED95A0330B9C1A9B21EDC03',2,'2019-08-01'),(4,'GARNIER','Ileana','ileanagarnier@hotmail.fr','3797F543038F71446F531CE5A83CE6B33A5F80FCDE580EA3DF91F3700097ABAC',1,'2019-08-01'),(6,'IMBERT','Marie-Cécile','mariececile.imbert@gmail.com','5483D5DF9B245E662C0E4368B8062E8A0FD24C17CE4DED1A0E452E4EE879DD81',2,'2019-08-01'),(7,'COULY ','Sébastien','cstsecretariat@live.fr','C0BB8CA64902FD29CC7F35E4208D0A8A10B6BF49BFFF8CE6CC1F63CECD1BC6AB',2,'2019-09-01'),(8,'CHAUVET','Coraline','coraline.chauvet13@orange.fr','6E85B5D7177E59103D0D09D931EED3C9F2B1AB19B1C6F783D4615C1AEBD39DE5',1,'2019-09-01'),(9,'ROQUES','Cindy','cindy-roques@hotmail.fr','AA3D2FE4F6D301DBD6B8FB2D2FDDFB7AEEBF3BEC53FFFF4B39A0967AFA88C609',1,'2019-09-01'),(11,'DERRUGA','Dylan','dylanderruga.cst@gmail.com','9965DD016FCD3F4439AF0705CDD6CFD6F8145C469A64E5F692DCB1BA792EC1A7',1,'2019-09-23'),(12,'WILSON','Liam','liamwilson@orange.fr','AA802F654E3AE7AAA1B73F8724056A05E2691ACCEA8DD90057916080F84D7E93',1,'2019-09-25'),(13,'CHOCTEAU','Daniel','danielchocteau@hotmail.com','DFBEB2CFD64430AFA25DD194ADDB185913CD4C9B33403A3F09CF17A1E9EFD940',1,'2019-09-25'),(15,'RODRIGUEZ','François','rodriguez.francois1@gmail.com','F33076DA62CE81F5DC8721CAA2555484AAD963FC74058E9A41D539096F61F933',1,'2019-09-25'),(16,'CAVALIER-WINTER','Ludovic','ludowinter@gmail.com','2012EB5070F3BE0DFDF90CBF1BEC89C53754089F4DA5A7A6ADAF4990E379CABB',1,'2019-10-14'),(17,'BRUNEL','Jérémy','brunel.jeremy.lifeguard@gmail.com','64B1C7ADFBFF5EDB2A44A1BFC30045D032C2622AEAD0EDA63164DD4E24332F08',1,'2019-10-15'),(19,'DUPONT','Pierre','mariececile_31@hotmail.fr','4442D6E4D24A7F61CD02BF41E9E1C72D07C9BE20117204E31931606662007E27',1,'2019-10-22'),(20,'VERNHES','Alice','alicevernhes@gmail.com','C9A56369A651E0244DE0AA6B6FEB7F098EC72137CD0652D0479DAECEB81CAAFA',1,'2019-10-24'),(21,'WENZEL','Damien','damienwenzel@orange.fr','731D9C2FBE900E12247534FABE52939707ED505AF2C93514F2FF5694571F5C7B',1,'2019-10-26'),(22,'MARCO','Nathalie','talygirl@hotmail.fr','66FB41F15C1631C05BEBEEDAAD2845C3A2BD53A95A18B1E14743662D99836888',1,'2019-10-26'),(23,'BOUIDA','Samy','samy9431@aol.com','575043F4C0FCEC2D5945CA0ED1AD0C405BD7AC3541DAB4922EAD92AA0C157407',1,'2019-10-27'),(24,'MOURIER','Nathalie','nathamourier@gmail.com','1D75E663510F23693C386DBB1831179BA0CE3B996C2766DC24A532D699614467',1,'2019-10-29'),(25,'CARDINAUD','Mathias','mathias.cardinaud@gmail.com','BFBBC32FE3A7C09CEDC0614DEEAAE03A2011742D1A309AAA04C5107672B07DC7',1,'2019-10-30'),(26,'TOUJA','Jean Pierre','jptouja@gmail.com','F1AA05B8C09D3169F2128A43109846C89A10086140D3E3095EB28962ECEA1375',1,'2019-11-04'),(27,'BOISTARD','Lolita','boistardlolita@live.com','CB09095D44C98B5115B8553ECF4801E112DFFC978526FEB17A52D86E5B074981',1,'2019-11-13'),(28,'BONNAMY','Emilie','bonnamy.emilie@gmail.com','3CA5C475F41A4E339E701B794D7407537627204BD8AA5E6F3F73CFF9B7DBED98',1,'2019-12-11'),(29,'MOULIS','Claudine','moulis.claudine31@gmail.com','A77139BEE91135C7CE539AB6A442B7AE25EC053D23E35888B7BFA3434FDDFF03',1,'2020-02-12'),(30,'CLERGUE','Elodie','clergue.elodie14@gmail.com','CE739FA8CAF7627116C1376E44F2CE104BA9AD6E5863C5B4963E22B1D8140029',1,'2020-02-20');
/*!40000 ALTER TABLE `Personne` ENABLE KEYS */;
UNLOCK TABLES;

--
-- Table structure for table `Role`
--

DROP TABLE IF EXISTS `Role`;
/*!40101 SET @saved_cs_client     = @@character_set_client */;
/*!40101 SET character_set_client = utf8 */;
CREATE TABLE `Role` (
  `idRole` bigint(20) NOT NULL AUTO_INCREMENT,
  `nomRole` varchar(255) NOT NULL,
  `valueRole` int(11) NOT NULL,
  PRIMARY KEY (`idRole`)
) ENGINE=InnoDB AUTO_INCREMENT=3 DEFAULT CHARSET=utf8;
/*!40101 SET character_set_client = @saved_cs_client */;

--
-- Dumping data for table `Role`
--

LOCK TABLES `Role` WRITE;
/*!40000 ALTER TABLE `Role` DISABLE KEYS */;
INSERT INTO `Role` VALUES (1,'Utilisateur',1),(2,'Administrateur',2);
/*!40000 ALTER TABLE `Role` ENABLE KEYS */;
UNLOCK TABLES;

--
-- Table structure for table `TypeInter`
--

DROP TABLE IF EXISTS `TypeInter`;
/*!40101 SET @saved_cs_client     = @@character_set_client */;
/*!40101 SET character_set_client = utf8 */;
CREATE TABLE `TypeInter` (
  `idTypeInter` bigint(20) NOT NULL AUTO_INCREMENT,
  `nomTypeInter` varchar(255) NOT NULL,
  PRIMARY KEY (`idTypeInter`)
) ENGINE=InnoDB AUTO_INCREMENT=27 DEFAULT CHARSET=utf8;
/*!40101 SET character_set_client = @saved_cs_client */;

--
-- Dumping data for table `TypeInter`
--

LOCK TABLES `TypeInter` WRITE;
/*!40000 ALTER TABLE `TypeInter` DISABLE KEYS */;
INSERT INTO `TypeInter` VALUES (1,'Sportif - Entrainement'),(2,'Sportif - Compétition'),(3,'Sportif - PPG'),(4,'BNSSA - Entrainement'),(5,'BNSSA - Règlementation'),(6,'Secourisme - PSC1'),(7,'Secourisme - FC PSC1'),(8,'Secourisme - PSE 1'),(9,'Secourisme - FC PSE 1'),(10,'Secourisme - PSE 2'),(11,'Secourisme - FC PSE 2'),(12,'Secourisme - PSS1'),(13,'Secourisme - SST'),(14,'Secourisme - FO PSC'),(15,'Secourisme - FO PSE'),(16,'Secourisme - FO '),(17,'Club - Administratif'),(19,'Club - Démarchage'),(20,'DPS - Chef de Poste'),(21,'DPS - Maintenance'),(22,'Club - Communication'),(23,'Informatique - Développement'),(24,'Informatique - Site'),(26,'Sportif - Autres');
/*!40000 ALTER TABLE `TypeInter` ENABLE KEYS */;
UNLOCK TABLES;
/*!40103 SET TIME_ZONE=@OLD_TIME_ZONE */;

/*!40101 SET SQL_MODE=@OLD_SQL_MODE */;
/*!40014 SET FOREIGN_KEY_CHECKS=@OLD_FOREIGN_KEY_CHECKS */;
/*!40014 SET UNIQUE_CHECKS=@OLD_UNIQUE_CHECKS */;
/*!40101 SET CHARACTER_SET_CLIENT=@OLD_CHARACTER_SET_CLIENT */;
/*!40101 SET CHARACTER_SET_RESULTS=@OLD_CHARACTER_SET_RESULTS */;
/*!40101 SET COLLATION_CONNECTION=@OLD_COLLATION_CONNECTION */;
/*!40111 SET SQL_NOTES=@OLD_SQL_NOTES */;

-- Dump completed on 2020-03-17 15:23:30
